method,n_clusters,silhouette,davies_bouldin,calinski_harabasz
kmeans,3,0.2734515184637008,1.120872635211269,3635.074882387345
hierarchical,3,0.2845107262837171,1.025563141255416,3466.2418844922618
