method,n_clusters,silhouette,davies_bouldin,calinski_harabasz
kmeans,2,0.6033665063899447,0.9576905098335712,393.4950307334332
hierarchical,2,0.6461945396195523,0.8254254627833768,363.7180785755413
